Participant,Class,Atr1,Atr2,Atr3,Atr4,Atr5,Atr8,Atr9,Atr10,Atr11,Atr12,Atr13,Atr14,Atr15,Atr16,Atr17,Atr18,Atr19,Atr20,Atr21,Atr22,Atr23,Atr24,Atr25,Atr26,Atr27,Atr28,Atr29,Atr30
1,1,2,2,4,1,0,0,0,0,1,0,1,1,0,1,0,0,0,1,0,0,0,0,0,0,0,0,0,1
2,1,4,4,4,4,4,4,4,4,4,3,4,0,4,4,4,4,3,2,1,1,0,2,2,1,2,0,1,1
3,1,2,2,2,2,1,1,1,2,3,4,2,3,3,3,3,3,3,2,1,0,1,2,2,2,2,2,3,2
4,1,3,2,3,2,3,3,3,3,4,3,3,4,3,3,3,3,3,4,1,1,1,1,2,1,1,1,1,3
5,1,2,2,1,1,1,0,0,0,0,1,0,1,1,1,1,1,2,1,1,0,0,0,0,2,1,2,1,1
6,1,0,0,1,0,0,0,0,1,0,2,1,0,2,0,2,1,0,1,0,0,0,0,2,2,0,0,0,0
7,1,3,3,3,2,1,3,2,2,2,2,2,3,2,3,3,3,3,2,3,3,3,3,2,3,3,2,2,2
8,1,2,1,2,2,2,3,3,2,4,3,2,3,4,3,2,3,2,1,2,1,1,2,3,3,2,2,2,3
9,1,2,2,1,0,0,3,3,3,3,3,3,3,3,3,3,3,3,3,2,2,2,3,2,3,2,3,2,3
10,1,1,1,1,1,1,2,2,2,3,0,0,2,1,0,1,2,1,0,0,0,0,1,1,1,1,1,1,1
11,1,4,4,4,3,4,4,4,3,4,4,4,4,4,3,4,4,4,4,4,3,4,4,4,4,4,3,4,4
12,1,4,4,4,3,4,4,4,3,4,4,4,4,4,3,4,4,4,4,4,3,4,4,4,4,4,3,4,4
13,1,3,4,3,4,3,4,3,4,3,4,3,4,3,4,3,4,3,4,3,4,3,4,3,4,3,4,3,4
14,1,3,4,3,4,3,4,3,4,3,4,3,4,3,4,3,4,3,4,3,4,3,4,3,4,3,4,3,4
15,1,3,4,3,4,3,4,3,4,3,4,3,4,3,4,3,4,3,4,3,4,3,4,3,4,3,4,3,4
16,1,4,4,3,2,4,4,3,2,4,4,4,4,3,2,4,4,4,4,3,2,4,4,4,4,3,2,4,4
17,1,4,4,3,2,4,4,3,2,4,4,4,4,3,2,4,4,4,4,3,2,4,4,4,4,3,2,4,4
18,1,4,4,4,3,4,4,4,3,4,4,4,4,4,3,4,4,4,4,4,3,4,4,4,4,4,3,4,4
19,1,3,3,4,4,3,3,4,4,3,3,3,3,4,4,3,3,3,3,4,4,3,3,3,3,4,4,3,3
20,1,4,4,4,3,4,4,4,3,4,4,4,4,4,3,4,4,4,4,4,3,4,4,4,4,4,3,4,4
21,1,4,3,3,3,4,3,3,3,4,3,4,3,3,3,4,3,4,3,3,3,4,3,4,3,3,3,4,3
22,1,4,3,3,3,4,3,3,3,4,3,4,3,3,3,4,3,4,3,3,3,4,3,4,3,3,3,4,3
23,1,3,4,4,4,3,4,4,4,3,4,3,4,4,4,3,4,3,4,4,4,3,4,3,4,4,4,3,4
24,1,3,3,3,4,3,3,3,4,3,3,3,3,3,4,3,3,3,3,3,4,3,3,3,3,3,4,3,3
25,1,4,2,3,4,4,2,3,4,4,2,4,2,3,4,4,2,4,2,3,4,4,2,4,2,3,4,4,2
26,1,3,3,3,4,3,3,3,4,3,3,3,3,3,4,3,3,3,3,3,4,3,3,3,3,3,4,3,3
27,1,3,3,4,3,3,3,4,3,3,3,3,3,4,3,3,3,3,3,4,3,3,3,3,3,4,3,3,3
28,1,3,3,3,4,3,3,3,4,3,3,3,3,3,4,3,3,3,3,3,4,3,3,3,3,3,4,3,3
29,1,3,4,3,2,3,4,3,2,3,4,3,4,3,2,3,4,3,4,3,2,3,4,3,4,3,2,3,4
30,1,4,3,3,2,4,3,3,2,4,3,4,3,3,2,4,3,4,3,3,2,4,3,4,3,3,2,4,3
31,1,3,4,3,2,3,4,3,2,3,4,3,4,3,2,3,4,3,4,3,2,3,4,3,4,3,2,3,4
32,1,4,3,4,3,4,3,4,3,4,3,4,3,4,3,4,3,4,3,4,3,4,3,4,3,4,3,4,3
33,1,4,3,3,4,4,3,3,4,4,3,4,3,3,4,4,3,4,3,3,4,4,3,4,3,3,4,4,3
34,1,3,4,2,3,3,4,2,3,3,4,3,4,2,3,3,4,3,4,2,3,3,4,3,4,2,3,3,4
35,1,3,4,4,3,3,4,4,3,3,4,3,4,4,3,3,4,3,4,4,3,3,4,3,4,4,3,3,4
36,1,3,3,3,3,3,3,3,3,3,3,3,3,3,3,3,3,3,3,3,3,3,3,3,3,3,3,3,3
37,1,4,3,3,3,4,3,3,3,4,3,4,3,3,3,4,3,4,3,3,3,4,3,4,3,3,3,4,3
38,1,3,3,2,3,3,3,3,3,4,3,3,3,3,3,3,3,4,3,3,3,3,4,3,3,2,4,3,4
39,1,3,3,2,3,3,3,3,3,4,3,3,3,3,3,3,3,4,3,3,3,3,4,3,3,2,4,3,4
40,1,4,3,3,3,4,3,3,3,4,3,4,3,3,3,4,3,4,3,3,3,4,3,4,3,3,3,4,3
41,1,3,2,3,4,3,2,3,4,3,2,3,2,3,4,3,2,3,2,3,4,3,2,3,2,3,4,3,2
42,1,4,2,3,2,4,2,3,2,4,2,4,2,3,2,4,2,4,2,3,2,4,2,4,2,3,2,4,2
43,1,3,4,3,3,3,4,3,3,3,4,3,4,3,3,3,4,3,4,3,3,3,4,3,4,3,3,3,4
44,1,3,3,3,2,3,3,3,2,3,3,3,3,3,2,3,3,3,3,3,2,3,3,3,3,3,2,3,3
45,1,4,2,3,2,4,2,3,2,4,2,4,2,3,2,4,2,4,2,3,2,4,2,4,2,3,2,4,2
46,1,3,3,2,3,3,3,2,3,3,3,3,3,2,3,3,3,3,3,2,3,3,3,3,3,2,3,3,3
47,1,3,3,3,2,3,3,3,2,3,3,3,3,3,2,3,3,3,3,3,2,3,3,3,3,3,2,3,3
48,1,3,3,2,3,3,3,2,3,3,3,3,3,2,3,3,3,3,3,2,3,3,3,3,3,2,3,3,3
49,1,4,2,3,2,4,2,3,2,4,2,4,2,3,2,4,2,4,2,3,2,4,2,4,2,3,2,4,2
50,1,3,3,3,2,3,3,3,2,3,3,3,3,3,2,3,3,3,3,3,2,3,3,3,3,3,2,3,3
51,1,4,2,3,2,4,2,3,2,4,2,4,2,3,2,4,2,4,2,3,2,4,2,4,2,3,2,4,2
52,1,3,3,3,2,3,3,3,2,3,3,3,3,3,2,3,3,3,3,3,2,3,3,3,3,3,2,3,3
53,1,4,3,2,3,4,3,2,3,4,3,4,3,2,3,4,3,4,3,2,3,4,3,4,3,2,3,4,3
54,1,3,3,3,4,3,3,3,4,3,3,3,3,3,4,3,3,3,3,3,4,3,3,3,3,3,4,3,3
55,1,4,3,3,2,4,3,3,2,4,3,4,3,3,2,4,3,4,3,3,2,4,3,4,3,3,2,4,3
56,1,4,3,2,3,4,3,2,3,4,3,4,3,2,3,4,3,4,3,2,3,4,3,4,3,2,3,4,3
57,1,3,4,3,4,3,4,3,4,3,4,3,4,3,4,3,4,3,4,3,4,3,4,3,4,3,4,3,4
58,1,3,4,3,4,3,4,3,4,3,4,3,4,3,4,3,4,3,4,3,4,3,4,3,4,3,4,3,4
59,1,3,3,3,3,3,3,3,3,3,3,3,3,3,3,3,3,3,3,3,3,3,3,3,3,3,3,3,3
60,1,3,2,3,2,3,2,3,2,3,2,3,2,3,2,3,2,3,2,3,2,3,2,3,2,3,2,3,2
61,1,3,2,3,2,3,2,3,2,3,2,3,2,3,2,3,2,3,2,3,2,3,2,3,2,3,2,3,2
62,1,3,2,2,3,3,2,2,3,3,2,3,2,2,3,3,2,3,2,2,3,3,2,3,2,2,3,3,2
63,1,3,2,3,2,3,2,3,2,3,2,3,2,3,2,3,2,3,2,3,2,3,2,3,2,3,2,3,2
64,1,3,2,3,2,3,2,3,2,3,2,3,2,3,2,3,2,3,2,3,2,3,2,3,2,3,2,3,2
65,1,3,3,4,4,3,3,4,4,3,3,3,3,4,4,3,3,3,3,4,4,3,3,3,3,4,4,3,3
66,1,3,3,3,2,3,3,3,2,3,3,3,3,3,2,3,3,3,3,3,2,3,3,3,3,3,2,3,3
67,1,3,3,2,3,3,3,2,3,3,3,3,3,2,3,3,3,3,3,2,3,3,3,3,3,2,3,3,3
68,1,4,2,2,3,4,2,2,3,4,2,4,2,2,3,4,2,4,2,2,3,4,2,4,2,2,3,4,2
69,1,3,3,3,2,3,3,3,2,3,3,3,3,3,2,3,3,3,3,3,2,3,3,3,3,3,2,3,3
70,1,4,4,4,3,4,4,4,3,4,4,4,4,4,4,4,4,4,4,4,3,0,4,0,4,4,0,4,4
71,1,3,3,3,2,3,3,3,2,3,3,3,3,3,2,3,3,3,3,3,2,3,3,3,3,3,2,3,3
72,1,2,2,3,2,2,2,3,2,2,2,2,2,3,2,2,2,2,2,3,2,2,2,2,2,3,2,2,2
73,1,3,3,3,3,3,3,3,3,3,3,3,3,3,3,3,3,3,3,3,3,3,3,3,3,3,3,3,3
74,1,4,3,3,3,3,0,4,3,3,3,3,4,3,3,3,3,3,3,3,3,2,2,2,2,3,2,2,2
75,1,3,2,3,2,3,2,3,2,3,2,3,2,3,2,3,2,3,2,3,2,3,2,3,2,3,2,3,2
76,1,4,4,3,3,4,2,4,4,3,4,4,4,4,4,4,4,4,4,0,0,2,4,4,4,4,1,1,0
77,1,3,2,4,3,3,2,2,3,4,3,2,3,1,3,3,3,3,4,2,1,0,2,2,2,2,2,2,3
78,1,2,2,2,3,2,1,3,2,1,2,2,2,3,3,3,3,3,2,2,1,1,3,3,3,2,3,2,2
79,1,3,2,4,3,3,2,2,3,4,3,2,2,1,3,3,3,3,4,2,1,0,2,2,2,2,2,2,3
80,1,4,2,4,2,1,1,1,3,3,3,2,2,3,2,2,3,3,2,2,2,2,3,4,4,3,3,3,4
81,1,2,0,2,4,2,3,4,3,2,3,3,0,4,4,3,3,3,2,2,1,2,0,0,0,0,0,2,2
82,1,4,4,3,3,2,4,4,3,4,3,4,3,4,4,4,3,3,3,2,3,3,3,3,3,1,3,3,2
83,1,4,4,3,4,4,4,4,4,4,4,4,4,4,3,3,4,4,3,2,2,3,1,2,2,1,3,2,2
84,1,3,3,2,2,2,2,2,2,2,2,2,2,2,2,2,2,2,2,0,0,0,2,0,0,0,0,0,2
85,0,0,0,0,0,0,0,0,0,0,1,0,0,0,0,1,0,0,0,1,0,0,0,0,0,0,0,0,0
86,0,0,0,0,0,0,0,0,0,0,0,0,0,0,0,0,0,0,0,0,0,0,0,0,0,0,0,0,0
87,0,0,0,0,0,0,0,0,0,0,0,0,0,0,0,0,0,0,0,0,0,0,0,1,1,0,0,1,0
88,0,0,0,0,0,0,0,0,0,0,0,1,0,0,0,0,0,0,0,0,0,0,0,0,0,0,0,0,0
89,0,4,0,3,4,0,0,0,0,0,0,0,0,0,0,0,0,0,0,0,0,0,0,0,0,0,0,0,0
90,0,0,0,0,0,0,0,0,0,0,0,0,0,0,0,0,0,0,0,0,0,0,0,0,0,0,0,0,0
91,0,0,1,0,0,0,1,0,0,0,0,0,1,0,0,0,0,0,0,0,0,0,0,1,1,1,0,0,0
92,0,0,0,0,0,0,0,0,0,0,0,0,0,0,0,0,0,0,0,0,0,0,0,0,0,0,0,0,0
93,0,1,1,0,0,0,0,0,1,0,0,1,0,0,0,0,0,0,0,1,0,0,0,1,0,1,1,1,1
94,0,0,1,0,1,0,0,0,1,0,0,0,1,0,0,0,0,0,0,0,0,0,1,0,0,0,0,0,0
95,0,0,0,0,0,0,0,0,1,0,0,0,0,0,0,0,0,0,0,0,0,0,1,1,1,0,0,0,0
96,0,0,0,0,0,0,0,0,1,0,0,0,0,0,0,0,0,0,0,0,0,0,1,1,0,0,0,0,0
97,0,0,3,1,0,0,0,0,0,0,1,1,2,0,0,0,0,0,0,0,0,0,0,0,0,0,0,0,1
98,0,0,0,0,0,0,0,0,0,0,0,0,0,0,0,0,0,0,0,0,1,0,0,0,0,0,0,0,0
99,0,0,0,0,0,0,0,0,0,0,0,0,0,0,0,0,0,0,0,0,0,0,0,0,0,0,0,0,0
100,0,0,1,2,1,0,0,0,0,0,1,1,0,0,0,1,0,1,0,0,0,0,0,0,0,0,0,0,0
101,0,0,0,2,0,0,0,0,0,0,0,0,0,0,0,0,0,0,0,0,0,0,0,0,0,0,0,0,0
102,0,0,0,1,0,0,0,0,0,0,0,0,0,0,0,0,0,0,0,0,0,0,2,0,0,0,0,0,1
103,0,0,0,0,0,0,0,0,0,0,0,0,0,0,0,0,0,0,0,0,0,0,0,0,0,0,0,0,0
104,0,0,0,0,0,0,0,0,0,0,0,0,0,0,0,0,0,0,0,0,0,0,0,1,1,1,1,1,1
105,0,0,0,0,0,0,0,0,0,1,1,1,0,0,0,0,0,1,0,1,0,0,0,0,0,0,0,0,0
106,0,0,0,0,0,0,0,0,0,0,1,1,1,1,0,0,0,0,0,1,1,0,0,0,0,0,1,0,0
107,0,0,0,0,0,0,0,0,0,0,0,0,0,0,0,0,0,0,0,0,0,0,0,0,0,0,0,0,0
108,0,0,0,0,0,0,0,0,0,0,0,2,0,0,0,0,0,0,0,0,0,0,0,0,0,0,0,0,0
109,0,0,0,3,0,0,0,0,0,0,2,0,0,1,0,1,0,0,1,0,0,0,0,1,0,0,0,0,1
110,0,0,0,0,0,0,0,0,0,0,0,1,0,0,0,0,0,0,0,0,0,0,0,0,0,0,0,0,0
111,0,0,0,0,0,0,0,0,0,0,0,1,1,0,0,0,0,0,0,1,0,0,0,1,0,0,1,1,1
112,0,1,1,1,1,1,1,1,1,1,0,0,0,0,0,0,0,0,0,0,0,0,0,0,0,0,0,0,0
113,0,0,0,0,0,1,0,0,0,0,0,1,0,1,0,0,0,0,0,0,0,0,0,1,1,0,0,1,0
114,0,0,2,2,1,0,0,0,2,1,1,1,0,0,0,0,0,0,0,0,0,0,0,1,0,0,0,0,0
115,0,0,1,1,0,0,0,0,1,1,1,2,1,1,0,0,0,0,0,0,0,0,0,0,0,0,0,0,0
116,0,0,1,1,0,0,0,0,0,0,0,0,0,0,0,0,0,0,0,0,0,0,0,0,0,0,0,0,0
117,0,0,0,0,0,0,0,0,0,0,0,1,0,0,1,1,0,0,0,0,0,0,0,0,0,0,0,0,1
118,0,0,0,0,0,0,1,1,0,0,0,1,1,0,0,0,0,0,0,1,1,1,0,1,0,0,0,0,1
119,0,0,0,0,0,0,0,0,1,0,1,1,0,0,1,0,0,0,0,0,0,0,0,2,1,1,0,0,0
120,0,0,1,1,0,0,0,0,0,0,2,1,0,0,0,0,0,0,0,0,0,0,0,1,0,0,0,0,1
121,0,0,0,0,0,0,0,0,1,0,0,0,0,1,0,1,0,1,0,0,0,0,0,0,0,0,0,0,1
122,0,0,2,2,1,0,0,0,2,1,1,1,0,0,0,0,0,0,0,0,0,0,0,1,0,0,0,0,0
123,0,0,0,1,0,1,0,0,0,0,1,0,0,0,0,0,0,0,0,0,0,0,0,0,0,0,0,0,0
124,0,0,0,0,0,0,0,0,0,0,0,1,1,0,0,0,0,0,0,0,0,0,0,1,1,1,0,0,0
125,0,0,1,1,0,0,0,0,0,0,1,3,0,0,0,0,0,0,0,0,0,0,1,1,0,0,0,0,0
126,0,0,0,0,0,0,0,0,0,0,0,0,0,0,0,0,0,0,0,0,0,0,0,0,0,0,0,0,0
127,0,0,0,0,0,0,0,0,0,0,0,0,0,0,0,0,0,0,0,0,0,0,0,0,0,0,0,0,0
128,0,0,0,0,0,0,0,0,0,0,0,0,0,0,0,0,0,0,0,0,0,0,0,0,0,0,0,0,0
129,0,0,0,0,0,0,0,0,0,0,0,0,0,0,0,0,0,0,0,0,0,0,0,0,0,0,0,0,0
130,0,0,0,0,0,0,0,0,1,0,1,0,0,0,0,0,0,0,0,0,0,0,0,0,0,0,0,0,0
131,0,0,0,0,0,0,0,0,0,0,0,1,0,0,1,0,0,0,1,1,0,0,0,1,1,1,1,1,1
132,0,0,1,1,1,0,0,0,0,0,0,0,0,0,0,0,0,0,0,0,0,0,0,0,0,0,0,0,0
133,0,0,0,2,0,2,0,0,0,0,0,2,1,0,0,0,0,0,0,0,0,0,0,0,0,0,0,0,0
134,0,1,2,0,0,0,0,0,0,0,0,0,1,0,0,0,0,1,0,0,1,1,1,1,1,0,0,0,0
135,0,1,0,1,0,0,1,0,0,1,0,1,0,0,1,0,0,1,0,0,0,0,0,0,0,0,0,0,0
136,0,0,0,0,0,0,0,0,0,0,0,0,0,0,0,0,0,0,0,0,0,0,0,0,0,0,0,0,0
137,0,0,0,2,0,0,0,0,0,0,1,1,0,0,0,1,0,0,0,0,0,0,0,1,0,0,0,0,0
138,0,0,0,1,0,0,1,1,0,0,0,0,1,0,0,0,0,0,0,0,0,0,0,0,0,0,0,0,0
139,0,0,0,1,0,0,1,1,0,0,0,0,1,0,0,0,0,0,0,0,0,0,0,0,0,0,0,0,0
140,0,3,1,1,0,0,0,0,0,1,0,0,1,1,1,0,0,0,0,0,0,0,0,0,0,0,0,0,0
141,0,0,2,0,0,0,0,0,0,0,0,0,0,0,0,0,0,0,0,0,0,0,0,1,1,0,0,0,2
142,0,0,1,2,0,0,0,0,1,1,1,2,1,1,1,0,0,1,0,1,0,0,0,0,0,0,0,0,0
143,0,4,3,4,4,0,0,0,0,0,0,0,0,0,0,0,0,0,0,0,0,0,2,0,0,0,0,0,0
144,0,3,0,0,0,0,0,0,0,0,1,1,2,1,0,0,1,1,0,0,0,0,1,0,0,1,0,0,0
145,0,0,0,2,4,0,0,0,2,0,0,0,0,0,0,0,0,2,0,0,0,0,0,0,0,0,0,0,0
146,0,0,0,0,0,0,0,0,0,0,0,0,0,0,0,0,0,0,0,0,0,0,0,0,0,0,0,0,0
147,0,2,1,1,0,0,0,0,0,0,1,0,1,0,0,1,0,1,0,0,0,0,1,0,1,1,0,0,0
148,0,0,0,1,0,0,0,0,0,0,0,0,0,0,0,0,1,0,0,0,0,2,2,1,1,1,0,1,0
149,0,0,0,0,0,0,0,0,2,0,1,1,0,0,0,0,0,0,0,1,0,0,1,1,0,0,0,1,0
150,0,0,1,0,0,0,0,0,0,0,0,0,0,0,0,1,0,0,0,0,0,0,0,0,0,0,0,0,0
151,0,0,3,2,0,0,0,0,0,0,0,0,0,0,0,0,0,0,0,0,0,0,0,0,0,0,0,0,0
152,0,0,1,1,1,1,0,0,0,1,1,2,1,1,1,1,1,1,0,0,0,0,0,0,0,0,0,0,0
153,0,1,0,0,0,0,0,0,1,1,0,1,1,1,1,0,1,0,0,0,0,0,1,1,0,0,0,0,1
154,0,2,2,3,0,0,0,0,1,1,1,1,1,1,1,1,1,1,1,1,0,0,0,0,0,0,0,0,0
155,0,1,0,1,0,1,0,0,1,0,0,1,1,1,0,0,1,0,1,0,0,0,0,0,0,0,0,0,0
156,0,2,1,0,2,0,0,0,1,1,1,1,0,1,0,1,1,0,0,0,0,0,1,1,1,0,0,0,0
157,0,0,0,1,1,0,0,0,2,1,2,1,1,1,0,0,0,0,0,0,0,0,0,1,0,0,0,0,1
158,0,0,1,0,0,0,2,0,0,1,0,1,0,0,0,0,0,0,0,0,0,2,2,0,0,1,1,0,0
159,0,0,1,0,1,0,0,0,1,1,2,2,0,0,0,0,0,0,0,0,0,0,0,0,1,1,1,0,0
160,0,0,0,0,0,0,0,0,1,0,1,2,0,1,0,0,0,0,0,0,0,0,0,0,0,0,0,0,0
161,0,2,0,2,0,0,0,0,2,0,0,2,0,0,1,1,0,0,0,1,1,0,0,0,0,0,0,0,0
162,0,1,1,2,0,2,2,1,2,1,1,2,0,2,1,2,1,0,0,0,1,0,1,1,0,1,0,0,0
163,0,0,0,0,0,0,0,0,0,0,0,0,0,0,0,0,0,0,0,0,0,0,2,0,0,0,0,0,0
164,0,2,0,1,0,0,0,0,2,1,0,1,0,2,2,1,0,0,0,1,0,0,1,0,1,0,0,0,0
165,0,2,1,1,0,0,0,0,2,0,1,1,1,1,0,0,0,0,0,0,0,0,0,1,1,0,0,0,1
166,0,0,0,0,0,0,0,0,0,0,0,0,0,0,0,0,0,0,0,0,0,0,0,0,0,0,0,0,0
167,0,0,0,0,0,0,0,0,0,0,0,0,0,0,0,0,0,0,0,0,0,0,0,0,0,0,0,0,0
168,0,1,1,0,0,0,0,0,1,0,1,1,0,0,1,0,0,0,1,0,0,0,0,1,1,1,0,0,1
169,0,0,0,0,0,0,0,0,0,0,1,0,0,0,0,0,0,0,0,0,0,0,0,0,0,0,0,0,0
170,0,0,0,0,0,0,1,0,0,0,1,1,1,0,0,0,0,0,1,1,0,1,1,0,0,0,0,0,0
