Participant,Class,Atr6,Atr7,Atr31,Atr32,Atr33,Atr34,Atr35,Atr36,Atr37,Atr38,Atr39,Atr40,Atr41,Atr42,Atr43,Atr44,Atr45,Atr46,Atr47,Atr48,Atr49,Atr50,Atr51,Atr52,Atr53,Atr54
1,1,0,0,1,2,1,2,0,1,2,1,3,3,2,1,1,2,3,2,1,3,3,3,2,3,2,1
2,1,0,0,0,4,2,3,0,2,3,4,2,4,2,2,3,4,2,2,2,3,4,4,4,4,2,2
3,1,3,2,3,3,1,1,1,1,2,1,3,3,3,3,2,3,2,3,2,3,1,1,1,2,2,2
4,1,3,3,2,3,2,2,1,1,3,3,4,4,2,2,3,2,3,2,2,3,3,3,3,2,2,2
5,1,1,0,1,1,1,1,0,0,0,0,2,1,0,2,3,0,2,2,1,2,3,2,2,2,1,0
6,1,2,0,4,1,1,1,1,1,1,2,0,2,2,1,2,3,0,2,2,1,2,1,1,1,2,0
7,1,3,4,1,2,2,1,1,2,3,2,2,3,3,3,3,4,3,3,2,3,2,3,3,2,2,2
8,1,1,0,1,1,0,2,2,1,4,4,4,4,4,4,3,2,0,0,1,2,2,2,1,1,1,0
9,1,4,1,1,1,1,1,1,1,1,2,2,2,2,2,2,2,2,1,1,1,1,1,1,1,1,1
10,1,2,0,1,1,0,1,0,0,1,1,2,2,1,2,3,2,2,2,0,2,2,2,2,4,3,3
11,1,0,0,4,4,4,4,4,4,4,4,4,4,4,4,4,4,4,4,4,4,4,4,4,4,4,4
12,1,0,0,4,4,4,4,4,4,4,4,4,4,4,4,4,4,4,4,4,4,4,4,4,4,4,4
13,1,0,1,4,4,4,4,4,4,4,4,4,4,4,4,4,4,4,4,4,4,4,4,4,4,4,4
14,1,0,1,4,4,4,4,4,4,4,4,4,4,4,4,4,4,4,4,4,4,4,4,4,4,4,4
15,1,0,1,4,4,4,4,4,4,4,4,4,4,4,4,4,3,4,4,4,4,4,4,4,4,4,4
16,1,0,0,4,4,4,4,4,4,4,4,4,4,4,4,4,4,4,4,4,4,4,4,4,4,4,4
17,1,0,0,4,4,4,4,4,4,4,4,4,4,4,4,4,4,4,4,4,4,4,4,4,4,4,4
18,1,0,0,4,3,4,3,4,3,4,3,4,3,4,3,4,3,4,3,4,3,4,4,3,4,3,4
19,1,1,1,4,4,4,4,4,4,4,4,4,4,4,4,4,4,4,4,4,4,4,4,4,4,4,4
20,1,0,0,4,3,4,3,4,3,4,3,4,3,4,3,4,3,4,3,4,3,4,4,3,4,3,4
21,1,1,0,4,4,4,4,4,4,4,4,4,4,4,4,4,4,4,4,4,4,4,4,4,4,4,4
22,1,1,0,4,4,4,4,4,4,4,4,4,4,4,4,4,4,4,4,4,4,4,4,4,4,4,4
23,1,0,1,4,3,4,3,4,3,4,3,4,3,4,3,4,3,3,3,4,3,4,4,3,4,3,4
24,1,1,1,4,4,4,4,4,4,4,4,4,4,4,4,4,4,4,4,4,4,4,4,4,4,4,4
25,1,2,0,4,4,4,4,4,4,4,4,4,4,4,4,4,4,4,4,4,4,4,4,4,4,4,4
26,1,1,1,4,4,4,4,4,4,4,4,4,4,4,4,4,4,4,4,4,4,4,4,4,4,4,4
27,1,1,1,4,4,4,4,4,4,4,4,4,4,4,4,4,4,3,4,4,4,4,4,4,4,4,4
28,1,1,1,4,4,4,4,4,4,4,4,4,4,4,4,4,4,3,4,4,4,4,4,4,4,4,4
29,1,0,1,4,4,4,4,4,4,4,4,4,4,4,4,4,4,4,4,4,4,4,4,4,4,4,4
30,1,1,0,4,4,4,4,4,4,4,4,4,4,4,4,4,4,4,4,4,4,4,4,4,4,4,4
31,1,0,1,4,4,4,4,4,4,4,4,4,4,4,4,4,4,4,4,4,4,4,4,4,4,4,4
32,1,1,0,4,3,4,3,4,3,4,3,4,3,4,3,4,3,4,3,4,3,4,4,3,4,3,4
33,1,1,0,4,3,4,3,4,3,4,3,4,3,4,3,4,3,4,3,4,3,4,4,3,4,3,4
34,1,0,1,4,4,4,4,4,4,4,4,4,4,4,4,4,4,3,4,4,4,4,4,4,4,4,4
35,1,0,1,4,3,4,3,4,3,4,3,4,3,4,3,4,3,4,3,4,3,4,4,3,4,3,4
36,1,1,1,4,4,4,4,4,4,4,4,4,4,4,4,4,4,4,4,4,4,4,4,4,4,4,4
37,1,1,0,4,3,4,3,4,3,4,4,3,4,4,4,4,3,4,4,3,4,4,3,3,4,4,3
38,1,1,1,4,4,4,4,4,4,4,4,4,4,4,3,4,3,3,3,4,4,4,4,3,3,4,4
39,1,1,1,4,4,4,4,4,4,4,4,4,4,4,3,4,3,3,3,4,4,4,4,3,3,4,4
40,1,1,0,4,3,4,3,4,3,4,3,4,3,4,3,4,3,4,3,4,3,4,4,3,4,3,4
41,1,2,1,4,4,4,4,4,4,4,4,4,4,4,4,4,4,3,4,4,4,4,4,4,4,4,4
42,1,2,0,4,4,4,4,4,4,4,4,4,4,4,4,4,4,4,4,4,4,4,4,4,4,4,4
43,1,0,1,3,4,3,4,3,4,3,4,3,4,3,4,3,4,3,4,3,4,3,3,4,3,4,3
44,1,1,1,4,4,4,4,4,4,4,4,4,4,4,4,4,4,4,4,4,4,4,4,4,4,4,4
45,1,2,0,4,4,4,4,4,4,4,4,4,4,4,4,4,4,4,4,4,4,4,4,4,4,4,4
46,1,1,1,4,4,4,4,4,4,4,4,4,4,4,4,4,4,4,4,4,4,4,4,4,4,4,4
47,1,1,1,4,4,4,4,4,4,4,4,4,4,4,4,4,4,4,4,4,4,4,4,4,4,4,4
48,1,1,1,4,4,4,4,4,4,4,4,4,4,4,4,4,4,4,4,4,4,4,4,4,4,4,4
49,1,2,0,4,4,4,4,4,4,4,4,4,4,4,4,4,4,4,4,4,4,4,4,4,4,4,4
50,1,1,1,4,4,4,4,4,4,4,4,4,4,4,4,4,4,4,4,4,4,4,4,4,4,4,4
51,1,2,0,4,4,4,4,4,4,4,4,4,4,4,4,4,4,4,4,4,4,4,4,4,4,4,4
52,1,1,1,4,4,4,4,4,4,4,4,4,4,4,4,4,4,3,4,4,4,4,4,4,4,4,4
53,1,1,0,4,3,4,3,4,3,4,3,4,3,4,3,4,3,4,3,4,3,4,4,3,4,3,4
54,1,1,1,3,4,3,4,3,4,3,4,3,4,3,4,3,4,3,4,3,4,3,3,4,3,4,3
55,1,1,0,4,3,4,3,4,3,4,3,4,3,4,3,4,3,3,3,4,3,4,4,3,4,3,4
56,1,1,0,3,4,3,4,3,4,3,4,3,4,3,4,3,4,3,4,3,4,3,3,4,3,4,3
57,1,0,1,3,3,3,3,3,3,3,3,3,3,3,3,3,3,3,3,3,3,3,3,3,3,3,3
58,1,0,1,3,3,3,3,3,3,3,3,3,3,3,3,3,3,3,3,3,3,3,3,3,3,3,3
59,1,1,1,4,3,4,3,4,3,4,3,4,3,4,3,4,3,4,3,4,3,4,4,3,4,3,4
60,1,2,1,4,4,4,4,4,4,4,4,4,4,4,4,4,4,4,4,4,4,4,4,4,4,4,4
61,1,2,1,4,4,4,4,4,4,4,4,4,4,4,4,4,4,4,4,4,4,4,4,4,4,4,4
62,1,2,1,4,4,4,4,4,4,4,4,4,4,4,4,4,4,4,4,4,4,4,4,4,4,4,4
63,1,2,1,4,4,4,4,4,4,4,4,4,4,4,4,4,4,4,4,4,4,4,4,4,4,4,4
64,1,2,1,4,4,4,4,4,4,4,4,4,4,4,4,4,4,4,4,4,4,4,4,4,4,4,4
65,1,1,1,3,3,3,3,3,3,3,3,3,3,3,3,3,3,3,3,3,3,3,3,3,3,3,3
66,1,1,1,4,3,4,3,4,3,4,3,4,3,4,3,4,3,4,3,4,3,4,4,3,4,3,4
67,1,1,1,4,3,4,3,4,3,4,3,4,3,4,3,4,3,4,3,4,3,4,4,3,4,3,4
68,1,2,0,4,3,4,3,4,3,4,3,4,3,4,3,4,3,4,3,4,3,4,4,3,4,3,4
69,1,1,1,4,3,4,3,4,3,4,3,4,3,4,3,4,3,3,3,4,3,4,4,3,4,3,4
70,1,2,4,0,4,4,0,1,0,2,0,4,0,2,4,4,1,4,0,4,4,4,3,4,4,4,4
71,1,1,1,3,4,3,4,3,4,3,4,3,4,3,4,3,4,3,4,3,4,3,3,4,3,4,3
72,1,2,2,4,4,4,4,4,4,4,4,4,4,4,3,4,4,4,4,4,4,4,4,4,4,4,4
73,1,1,1,3,3,3,3,3,3,3,3,3,3,3,3,3,3,3,3,3,3,3,3,3,3,3,3
74,1,1,4,2,4,3,3,3,3,3,4,4,4,3,3,3,3,3,3,3,3,3,3,3,3,3,3
75,1,2,1,3,4,3,4,3,4,3,4,3,4,3,3,3,4,3,4,3,4,3,3,4,3,4,3
76,1,0,4,4,2,0,0,0,0,3,0,4,4,4,4,4,4,4,2,4,4,3,4,4,1,1,0
77,1,2,3,3,3,3,3,3,3,4,4,4,4,4,3,0,0,0,0,0,3,3,3,3,3,3,3
78,1,3,2,3,3,3,3,3,3,3,3,4,4,4,4,3,4,2,2,3,3,2,1,1,2,2,2
79,1,2,3,3,3,3,3,3,3,4,4,4,4,3,0,0,3,0,0,0,3,3,3,3,3,3,3
80,1,2,3,4,4,2,2,0,0,4,3,4,4,3,1,1,4,1,2,1,3,3,3,3,1,1,1
81,1,2,4,3,3,3,3,3,3,3,3,1,3,2,3,3,4,4,2,3,2,2,3,3,4,2,2
82,1,0,2,3,3,3,4,4,4,4,4,4,4,4,2,2,3,2,2,2,2,2,3,3,3,3,4
83,1,0,0,3,3,1,2,1,4,4,3,3,3,1,3,3,3,3,1,2,3,2,2,2,2,1,2
84,1,2,2,3,3,3,4,4,4,4,4,4,4,4,1,1,1,1,1,1,3,2,2,2,4,4,4
85,0,0,0,0,0,0,0,0,0,0,0,0,0,1,0,1,0,0,0,1,0,0,0,1,0,0,1
86,0,0,0,0,0,0,0,0,0,0,0,0,0,0,1,1,1,2,3,1,0,0,1,1,0,0,0
87,0,0,0,0,0,0,0,0,0,0,0,0,0,1,0,2,0,1,1,1,1,0,0,0,1,1,1
88,0,0,0,0,0,0,1,0,0,0,0,0,0,0,0,3,0,0,0,0,2,0,0,1,2,2,1
89,0,0,0,0,0,0,0,0,0,0,0,0,0,0,0,0,0,0,0,0,4,0,0,0,0,0,0
90,0,0,0,2,2,1,0,1,1,0,1,0,0,0,0,0,0,0,0,1,1,1,1,1,0,1,1
91,0,0,0,0,0,0,0,0,0,0,0,0,0,0,0,3,1,0,3,0,1,0,0,0,2,0,0
92,0,0,0,1,1,0,0,0,0,0,0,0,0,0,0,2,0,0,2,0,2,3,2,2,1,1,0
93,0,0,0,0,0,0,0,0,0,0,0,0,0,0,1,2,0,2,1,0,0,1,1,1,1,1,1
94,0,0,0,0,1,1,1,0,0,0,2,1,0,0,0,2,1,1,1,1,2,1,1,1,0,0,0
95,0,0,0,2,1,1,1,0,0,2,0,1,0,1,0,0,0,0,0,0,2,2,2,2,1,0,0
96,0,0,0,0,0,0,0,0,0,0,0,0,0,0,0,1,0,3,2,0,2,2,2,2,2,2,2
97,0,0,0,1,1,0,1,0,0,0,0,0,0,1,0,1,0,1,1,1,4,0,0,2,0,0,0
98,0,0,0,4,2,0,0,0,0,0,0,0,0,1,4,2,0,4,2,1,1,0,0,0,1,0,0
99,0,2,1,1,0,0,0,0,0,0,0,0,0,0,0,0,2,1,4,2,3,0,0,0,2,4,1
100,0,0,0,0,0,0,0,0,0,0,0,1,0,0,2,2,0,1,0,1,2,0,0,0,3,2,1
101,0,0,0,2,1,0,1,0,0,1,0,0,0,0,0,2,0,2,2,1,2,0,0,0,4,4,0
102,0,1,0,0,2,0,1,0,0,0,0,0,0,0,0,3,0,0,2,2,0,0,1,1,3,4,0
103,0,0,0,0,0,0,0,0,0,0,0,0,0,1,2,4,2,3,1,1,2,0,0,1,4,1,2
104,0,0,0,1,0,0,0,0,0,0,0,0,0,2,0,3,0,3,3,1,2,1,1,1,0,1,0
105,0,1,0,0,0,0,0,0,0,0,0,0,0,0,0,3,0,3,4,3,0,2,2,2,0,0,0
106,0,0,0,0,0,0,1,0,0,1,0,1,0,0,0,2,2,2,0,0,2,2,2,2,1,1,0
107,0,0,0,0,1,0,0,0,0,0,0,0,0,0,0,4,0,4,3,1,3,1,3,3,3,1,0
108,0,0,0,2,0,0,0,0,0,4,0,0,0,0,0,0,0,0,3,0,2,2,2,2,4,4,0
109,0,1,0,0,2,0,0,0,0,0,0,1,0,0,0,1,0,1,1,1,3,3,2,2,0,0,0
110,0,1,0,2,0,0,1,0,0,1,0,0,0,1,1,2,0,1,2,2,2,2,2,2,2,2,2
111,0,0,0,1,0,0,0,0,0,0,0,0,0,0,1,3,2,1,3,0,2,3,3,2,1,0,0
112,0,0,0,0,2,0,0,0,0,0,0,0,0,0,0,0,0,0,2,2,3,3,3,3,1,1,0
113,0,0,0,0,0,0,0,0,0,0,0,0,0,0,2,3,1,3,3,3,2,1,1,1,1,1,1
114,0,0,0,1,3,0,0,0,0,2,1,0,2,0,0,0,0,0,0,0,3,1,1,1,0,3,0
115,0,0,0,0,2,1,2,0,0,0,0,1,0,1,0,3,1,4,0,2,2,0,1,0,0,1,0
116,0,1,0,0,0,0,0,0,0,1,0,0,0,0,1,2,0,1,4,4,3,3,1,2,3,1,1
117,0,2,0,0,0,0,1,0,0,1,0,0,0,0,2,4,0,4,3,1,1,2,2,2,1,0,0
118,0,1,0,1,1,1,1,0,0,1,0,0,0,0,0,0,0,0,0,0,2,1,2,2,3,3,2
119,0,1,0,0,0,0,0,0,0,0,0,0,0,0,0,1,1,0,4,1,1,4,4,2,2,0,1
120,0,2,0,0,2,0,0,0,0,0,0,0,0,0,2,2,2,2,2,2,2,0,2,1,1,1,0
121,0,2,0,0,1,0,1,0,0,1,1,1,0,0,4,2,0,1,2,1,3,1,1,1,1,1,0
122,0,0,0,1,3,0,0,0,0,2,1,1,0,2,0,0,0,0,0,0,3,1,1,1,0,3,0
123,0,0,0,2,1,2,0,0,0,2,0,1,0,0,0,2,0,1,2,1,3,3,2,2,2,2,0
124,0,2,0,1,0,0,0,0,0,0,0,0,0,0,0,2,1,0,3,0,2,3,4,3,3,0,2
125,0,0,0,0,0,0,0,0,0,0,0,1,0,0,2,4,0,2,4,0,3,0,1,2,2,2,0
126,0,0,0,1,1,1,1,1,0,1,1,2,1,2,2,4,2,4,0,0,0,1,1,2,1,0,2
127,0,0,0,1,1,1,1,1,0,1,1,2,1,2,2,4,2,4,0,0,0,1,1,2,1,0,2
128,0,0,0,0,0,1,1,0,0,0,1,1,0,0,3,2,1,3,3,0,2,3,2,2,4,1,1
129,0,0,0,4,4,4,3,0,0,4,1,1,0,1,0,0,0,0,0,0,0,0,0,4,2,2,2
130,0,0,0,2,2,0,0,0,0,0,0,0,0,0,4,4,0,4,1,4,2,3,2,2,0,0,0
131,0,0,0,0,0,0,0,0,0,1,1,1,0,1,0,1,2,2,2,2,2,2,2,2,0,1,0
132,0,0,0,2,1,1,1,0,0,2,1,2,2,1,2,2,0,1,3,0,2,2,2,2,0,0,0
133,0,4,0,2,3,0,1,0,0,1,0,0,0,1,0,4,0,1,1,2,3,0,1,1,0,0,0
134,0,0,0,2,1,0,1,0,0,1,0,0,0,1,0,2,0,0,2,1,2,2,2,2,2,1,0
135,0,0,0,2,0,0,0,0,0,0,1,0,0,0,0,2,0,2,0,2,3,0,3,3,3,2,2
136,0,0,0,2,1,1,1,0,0,0,1,1,0,0,3,2,1,2,2,1,2,3,2,2,3,1,1
137,0,0,0,2,1,0,2,3,0,1,0,2,0,0,0,0,0,2,3,1,2,1,2,1,2,2,0
138,0,0,0,1,0,0,1,0,0,0,0,0,0,0,2,2,0,3,3,3,3,0,1,3,3,3,1
139,0,0,0,1,0,0,1,0,0,0,0,0,0,0,2,2,0,3,3,3,3,0,1,3,3,3,1
140,0,0,0,0,0,0,0,0,0,0,3,0,0,1,1,1,0,3,3,2,2,0,2,2,0,0,4
141,0,1,0,0,0,0,1,0,0,1,1,2,0,1,2,3,0,1,1,2,2,1,0,1,3,2,2
142,0,0,0,1,1,0,1,0,0,1,1,1,1,1,1,1,0,1,1,0,2,1,1,1,1,1,1
143,0,0,0,0,0,0,0,0,0,0,0,0,0,0,0,0,0,0,0,0,4,4,4,4,0,0,0
144,0,0,0,0,0,0,0,0,0,0,0,1,1,0,0,3,2,4,4,0,1,0,0,1,4,1,0
145,0,0,0,0,2,0,1,0,0,0,2,0,0,2,2,3,0,3,2,0,2,4,0,0,1,0,0
146,0,0,0,0,0,0,0,0,0,2,1,1,0,1,3,4,0,4,3,4,3,1,3,3,0,1,0
147,0,1,0,0,1,0,2,0,0,1,0,2,1,2,1,3,1,3,1,1,3,0,0,0,0,0,0
148,0,0,0,0,0,0,0,0,0,0,0,0,0,0,0,4,4,4,4,4,0,4,0,0,0,0,0
149,0,0,0,2,0,0,1,0,0,1,0,2,0,1,3,2,0,1,3,3,2,2,1,1,2,0,0
150,0,0,0,0,0,0,0,0,0,0,0,0,0,0,2,4,4,4,4,4,4,4,2,2,0,0,0
151,0,0,0,1,0,0,0,0,0,0,0,1,0,0,4,4,0,4,4,4,3,1,1,1,2,0,1
152,0,0,0,0,0,0,0,0,0,1,1,1,0,0,1,1,0,1,3,1,2,1,2,2,2,2,1
153,0,1,0,1,0,0,0,0,0,0,0,0,0,0,2,4,1,0,2,1,2,1,2,2,4,2,0
154,0,1,0,2,0,0,0,0,0,0,0,0,0,0,0,2,0,2,2,1,1,1,1,1,1,1,1
155,0,1,0,1,1,1,1,0,0,1,0,1,1,1,1,1,1,1,0,0,2,1,2,2,2,2,3
156,0,0,0,0,0,1,0,1,0,1,0,1,0,0,0,1,0,0,3,0,2,2,2,2,2,2,1
157,0,0,0,2,1,0,2,0,0,1,1,1,1,0,2,2,0,0,2,1,2,1,2,2,1,0,0
158,0,1,0,1,0,0,0,0,0,0,0,0,0,3,1,1,0,1,3,3,2,0,0,0,4,4,2
159,0,0,0,2,1,0,0,0,0,1,1,2,1,0,2,2,2,1,0,1,3,2,2,2,1,0,0
160,0,0,0,2,1,1,1,0,0,1,1,2,1,1,3,2,0,2,1,2,3,2,2,2,1,1,0
161,0,0,0,1,1,0,1,1,1,1,0,1,1,0,2,1,0,0,3,2,2,1,1,1,1,2,1
162,0,1,0,0,0,0,1,0,0,0,0,0,0,0,0,0,0,1,1,1,0,1,2,2,0,1,1
163,0,2,0,0,0,0,0,0,0,1,0,0,0,0,0,2,2,4,4,4,2,2,2,2,4,2,2
164,0,0,0,2,0,0,0,0,0,2,2,1,0,0,2,2,1,2,3,0,2,0,0,2,1,0,0
165,0,2,0,1,1,2,2,0,0,0,0,0,0,1,0,1,2,0,1,0,3,1,1,3,1,1,1
166,0,0,0,4,4,3,4,0,0,4,0,1,0,1,0,0,0,0,1,0,4,1,1,4,2,2,2
167,0,0,0,0,1,1,1,1,1,1,1,1,1,1,1,3,1,3,4,1,2,2,2,2,3,2,2
168,0,0,0,1,1,0,1,0,0,1,1,1,2,1,3,3,0,2,3,0,2,0,1,1,3,0,0
169,0,0,0,0,0,0,1,0,0,1,0,4,1,2,1,1,0,4,3,3,2,2,3,2,4,3,1
170,0,0,0,1,3,0,0,0,0,0,0,0,0,0,2,2,0,1,3,4,4,0,1,3,3,3,1
