Participant,Atr1,Atr2,Atr3,Atr4,Atr5,Atr6,Atr7,Atr8,Atr9,Atr10,Atr11,Atr12,Atr13,Atr14,Atr15,Atr16,Atr17,Atr18,Atr19,Atr20,Atr21,Atr22,Atr23,Atr24,Atr25,Atr26,Atr27,Atr28,Atr29,Atr30,Atr31,Atr32,Atr33,Atr34,Atr35,Atr36,Atr37,Atr38,Atr39,Atr40,Atr41,Atr42,Atr43,Atr44,Atr45,Atr46,Atr47,Atr48,Atr49,Atr50,Atr51,Atr52,Atr53,Atr54
1,2,2,4,1,0,0,0,0,0,0,1,0,1,1,0,1,0,0,0,1,0,0,0,0,0,0,0,0,0,1,1,2,1,2,0,1,2,1,3,3,2,1,1,2,3,2,1,3,3,3,2,3,2,1
2,4,4,4,4,4,0,0,4,4,4,4,3,4,0,4,4,4,4,3,2,1,1,0,2,2,1,2,0,1,1,0,4,2,3,0,2,3,4,2,4,2,2,3,4,2,2,2,3,4,4,4,4,2,2
3,2,2,2,2,1,3,2,1,1,2,3,4,2,3,3,3,3,3,3,2,1,0,1,2,2,2,2,2,3,2,3,3,1,1,1,1,2,1,3,3,3,3,2,3,2,3,2,3,1,1,1,2,2,2
4,3,2,3,2,3,3,3,3,3,3,4,3,3,4,3,3,3,3,3,4,1,1,1,1,2,1,1,1,1,3,2,3,2,2,1,1,3,3,4,4,2,2,3,2,3,2,2,3,3,3,3,2,2,2
5,2,2,1,1,1,1,0,0,0,0,0,1,0,1,1,1,1,1,2,1,1,0,0,0,0,2,1,2,1,1,1,1,1,1,0,0,0,0,2,1,0,2,3,0,2,2,1,2,3,2,2,2,1,0
6,0,0,1,0,0,2,0,0,0,1,0,2,1,0,2,0,2,1,0,1,0,0,0,0,2,2,0,0,0,0,4,1,1,1,1,1,1,2,0,2,2,1,2,3,0,2,2,1,2,1,1,1,2,0
7,3,3,3,2,1,3,4,3,2,2,2,2,2,3,2,3,3,3,3,2,3,3,3,3,2,3,3,2,2,2,1,2,2,1,1,2,3,2,2,3,3,3,3,4,3,3,2,3,2,3,3,2,2,2
8,2,1,2,2,2,1,0,3,3,2,4,3,2,3,4,3,2,3,2,1,2,1,1,2,3,3,2,2,2,3,1,1,0,2,2,1,4,4,4,4,4,4,3,2,0,0,1,2,2,2,1,1,1,0
9,2,2,1,0,0,4,1,3,3,3,3,3,3,3,3,3,3,3,3,3,2,2,2,3,2,3,2,3,2,3,1,1,1,1,1,1,1,2,2,2,2,2,2,2,2,1,1,1,1,1,1,1,1,1
10,1,1,1,1,1,2,0,2,2,2,3,0,0,2,1,0,1,2,1,0,0,0,0,1,1,1,1,1,1,1,1,1,0,1,0,0,1,1,2,2,1,2,3,2,2,2,0,2,2,2,2,4,3,3
11,4,4,4,3,4,0,0,4,4,3,4,4,4,4,4,3,4,4,4,4,4,3,4,4,4,4,4,3,4,4,4,4,4,4,4,4,4,4,4,4,4,4,4,4,4,4,4,4,4,4,4,4,4,4
12,4,4,4,3,4,0,0,4,4,3,4,4,4,4,4,3,4,4,4,4,4,3,4,4,4,4,4,3,4,4,4,4,4,4,4,4,4,4,4,4,4,4,4,4,4,4,4,4,4,4,4,4,4,4
13,3,4,3,4,3,0,1,4,3,4,3,4,3,4,3,4,3,4,3,4,3,4,3,4,3,4,3,4,3,4,4,4,4,4,4,4,4,4,4,4,4,4,4,4,4,4,4,4,4,4,4,4,4,4
14,3,4,3,4,3,0,1,4,3,4,3,4,3,4,3,4,3,4,3,4,3,4,3,4,3,4,3,4,3,4,4,4,4,4,4,4,4,4,4,4,4,4,4,4,4,4,4,4,4,4,4,4,4,4
15,3,4,3,4,3,0,1,4,3,4,3,4,3,4,3,4,3,4,3,4,3,4,3,4,3,4,3,4,3,4,4,4,4,4,4,4,4,4,4,4,4,4,4,3,4,4,4,4,4,4,4,4,4,4
16,4,4,3,2,4,0,0,4,3,2,4,4,4,4,3,2,4,4,4,4,3,2,4,4,4,4,3,2,4,4,4,4,4,4,4,4,4,4,4,4,4,4,4,4,4,4,4,4,4,4,4,4,4,4
17,4,4,3,2,4,0,0,4,3,2,4,4,4,4,3,2,4,4,4,4,3,2,4,4,4,4,3,2,4,4,4,4,4,4,4,4,4,4,4,4,4,4,4,4,4,4,4,4,4,4,4,4,4,4
18,4,4,4,3,4,0,0,4,4,3,4,4,4,4,4,3,4,4,4,4,4,3,4,4,4,4,4,3,4,4,4,3,4,3,4,3,4,3,4,3,4,3,4,3,4,3,4,3,4,4,3,4,3,4
19,3,3,4,4,3,1,1,3,4,4,3,3,3,3,4,4,3,3,3,3,4,4,3,3,3,3,4,4,3,3,4,4,4,4,4,4,4,4,4,4,4,4,4,4,4,4,4,4,4,4,4,4,4,4
20,4,4,4,3,4,0,0,4,4,3,4,4,4,4,4,3,4,4,4,4,4,3,4,4,4,4,4,3,4,4,4,3,4,3,4,3,4,3,4,3,4,3,4,3,4,3,4,3,4,4,3,4,3,4
21,4,3,3,3,4,1,0,3,3,3,4,3,4,3,3,3,4,3,4,3,3,3,4,3,4,3,3,3,4,3,4,4,4,4,4,4,4,4,4,4,4,4,4,4,4,4,4,4,4,4,4,4,4,4
22,4,3,3,3,4,1,0,3,3,3,4,3,4,3,3,3,4,3,4,3,3,3,4,3,4,3,3,3,4,3,4,4,4,4,4,4,4,4,4,4,4,4,4,4,4,4,4,4,4,4,4,4,4,4
23,3,4,4,4,3,0,1,4,4,4,3,4,3,4,4,4,3,4,3,4,4,4,3,4,3,4,4,4,3,4,4,3,4,3,4,3,4,3,4,3,4,3,4,3,3,3,4,3,4,4,3,4,3,4
24,3,3,3,4,3,1,1,3,3,4,3,3,3,3,3,4,3,3,3,3,3,4,3,3,3,3,3,4,3,3,4,4,4,4,4,4,4,4,4,4,4,4,4,4,4,4,4,4,4,4,4,4,4,4
25,4,2,3,4,4,2,0,2,3,4,4,2,4,2,3,4,4,2,4,2,3,4,4,2,4,2,3,4,4,2,4,4,4,4,4,4,4,4,4,4,4,4,4,4,4,4,4,4,4,4,4,4,4,4
26,3,3,3,4,3,1,1,3,3,4,3,3,3,3,3,4,3,3,3,3,3,4,3,3,3,3,3,4,3,3,4,4,4,4,4,4,4,4,4,4,4,4,4,4,4,4,4,4,4,4,4,4,4,4
27,3,3,4,3,3,1,1,3,4,3,3,3,3,3,4,3,3,3,3,3,4,3,3,3,3,3,4,3,3,3,4,4,4,4,4,4,4,4,4,4,4,4,4,4,3,4,4,4,4,4,4,4,4,4
28,3,3,3,4,3,1,1,3,3,4,3,3,3,3,3,4,3,3,3,3,3,4,3,3,3,3,3,4,3,3,4,4,4,4,4,4,4,4,4,4,4,4,4,4,3,4,4,4,4,4,4,4,4,4
29,3,4,3,2,3,0,1,4,3,2,3,4,3,4,3,2,3,4,3,4,3,2,3,4,3,4,3,2,3,4,4,4,4,4,4,4,4,4,4,4,4,4,4,4,4,4,4,4,4,4,4,4,4,4
30,4,3,3,2,4,1,0,3,3,2,4,3,4,3,3,2,4,3,4,3,3,2,4,3,4,3,3,2,4,3,4,4,4,4,4,4,4,4,4,4,4,4,4,4,4,4,4,4,4,4,4,4,4,4
31,3,4,3,2,3,0,1,4,3,2,3,4,3,4,3,2,3,4,3,4,3,2,3,4,3,4,3,2,3,4,4,4,4,4,4,4,4,4,4,4,4,4,4,4,4,4,4,4,4,4,4,4,4,4
32,4,3,4,3,4,1,0,3,4,3,4,3,4,3,4,3,4,3,4,3,4,3,4,3,4,3,4,3,4,3,4,3,4,3,4,3,4,3,4,3,4,3,4,3,4,3,4,3,4,4,3,4,3,4
33,4,3,3,4,4,1,0,3,3,4,4,3,4,3,3,4,4,3,4,3,3,4,4,3,4,3,3,4,4,3,4,3,4,3,4,3,4,3,4,3,4,3,4,3,4,3,4,3,4,4,3,4,3,4
34,3,4,2,3,3,0,1,4,2,3,3,4,3,4,2,3,3,4,3,4,2,3,3,4,3,4,2,3,3,4,4,4,4,4,4,4,4,4,4,4,4,4,4,4,3,4,4,4,4,4,4,4,4,4
35,3,4,4,3,3,0,1,4,4,3,3,4,3,4,4,3,3,4,3,4,4,3,3,4,3,4,4,3,3,4,4,3,4,3,4,3,4,3,4,3,4,3,4,3,4,3,4,3,4,4,3,4,3,4
36,3,3,3,3,3,1,1,3,3,3,3,3,3,3,3,3,3,3,3,3,3,3,3,3,3,3,3,3,3,3,4,4,4,4,4,4,4,4,4,4,4,4,4,4,4,4,4,4,4,4,4,4,4,4
37,4,3,3,3,4,1,0,3,3,3,4,3,4,3,3,3,4,3,4,3,3,3,4,3,4,3,3,3,4,3,4,3,4,3,4,3,4,4,3,4,4,4,4,3,4,4,3,4,4,3,3,4,4,3
38,3,3,2,3,3,1,1,3,3,3,4,3,3,3,3,3,3,3,4,3,3,3,3,4,3,3,2,4,3,4,4,4,4,4,4,4,4,4,4,4,4,3,4,3,3,3,4,4,4,4,3,3,4,4
39,3,3,2,3,3,1,1,3,3,3,4,3,3,3,3,3,3,3,4,3,3,3,3,4,3,3,2,4,3,4,4,4,4,4,4,4,4,4,4,4,4,3,4,3,3,3,4,4,4,4,3,3,4,4
40,4,3,3,3,4,1,0,3,3,3,4,3,4,3,3,3,4,3,4,3,3,3,4,3,4,3,3,3,4,3,4,3,4,3,4,3,4,3,4,3,4,3,4,3,4,3,4,3,4,4,3,4,3,4
41,3,2,3,4,3,2,1,2,3,4,3,2,3,2,3,4,3,2,3,2,3,4,3,2,3,2,3,4,3,2,4,4,4,4,4,4,4,4,4,4,4,4,4,4,3,4,4,4,4,4,4,4,4,4
42,4,2,3,2,4,2,0,2,3,2,4,2,4,2,3,2,4,2,4,2,3,2,4,2,4,2,3,2,4,2,4,4,4,4,4,4,4,4,4,4,4,4,4,4,4,4,4,4,4,4,4,4,4,4
43,3,4,3,3,3,0,1,4,3,3,3,4,3,4,3,3,3,4,3,4,3,3,3,4,3,4,3,3,3,4,3,4,3,4,3,4,3,4,3,4,3,4,3,4,3,4,3,4,3,3,4,3,4,3
44,3,3,3,2,3,1,1,3,3,2,3,3,3,3,3,2,3,3,3,3,3,2,3,3,3,3,3,2,3,3,4,4,4,4,4,4,4,4,4,4,4,4,4,4,4,4,4,4,4,4,4,4,4,4
45,4,2,3,2,4,2,0,2,3,2,4,2,4,2,3,2,4,2,4,2,3,2,4,2,4,2,3,2,4,2,4,4,4,4,4,4,4,4,4,4,4,4,4,4,4,4,4,4,4,4,4,4,4,4
46,3,3,2,3,3,1,1,3,2,3,3,3,3,3,2,3,3,3,3,3,2,3,3,3,3,3,2,3,3,3,4,4,4,4,4,4,4,4,4,4,4,4,4,4,4,4,4,4,4,4,4,4,4,4
47,3,3,3,2,3,1,1,3,3,2,3,3,3,3,3,2,3,3,3,3,3,2,3,3,3,3,3,2,3,3,4,4,4,4,4,4,4,4,4,4,4,4,4,4,4,4,4,4,4,4,4,4,4,4
48,3,3,2,3,3,1,1,3,2,3,3,3,3,3,2,3,3,3,3,3,2,3,3,3,3,3,2,3,3,3,4,4,4,4,4,4,4,4,4,4,4,4,4,4,4,4,4,4,4,4,4,4,4,4
49,4,2,3,2,4,2,0,2,3,2,4,2,4,2,3,2,4,2,4,2,3,2,4,2,4,2,3,2,4,2,4,4,4,4,4,4,4,4,4,4,4,4,4,4,4,4,4,4,4,4,4,4,4,4
50,3,3,3,2,3,1,1,3,3,2,3,3,3,3,3,2,3,3,3,3,3,2,3,3,3,3,3,2,3,3,4,4,4,4,4,4,4,4,4,4,4,4,4,4,4,4,4,4,4,4,4,4,4,4
51,4,2,3,2,4,2,0,2,3,2,4,2,4,2,3,2,4,2,4,2,3,2,4,2,4,2,3,2,4,2,4,4,4,4,4,4,4,4,4,4,4,4,4,4,4,4,4,4,4,4,4,4,4,4
52,3,3,3,2,3,1,1,3,3,2,3,3,3,3,3,2,3,3,3,3,3,2,3,3,3,3,3,2,3,3,4,4,4,4,4,4,4,4,4,4,4,4,4,4,3,4,4,4,4,4,4,4,4,4
53,4,3,2,3,4,1,0,3,2,3,4,3,4,3,2,3,4,3,4,3,2,3,4,3,4,3,2,3,4,3,4,3,4,3,4,3,4,3,4,3,4,3,4,3,4,3,4,3,4,4,3,4,3,4
54,3,3,3,4,3,1,1,3,3,4,3,3,3,3,3,4,3,3,3,3,3,4,3,3,3,3,3,4,3,3,3,4,3,4,3,4,3,4,3,4,3,4,3,4,3,4,3,4,3,3,4,3,4,3
55,4,3,3,2,4,1,0,3,3,2,4,3,4,3,3,2,4,3,4,3,3,2,4,3,4,3,3,2,4,3,4,3,4,3,4,3,4,3,4,3,4,3,4,3,3,3,4,3,4,4,3,4,3,4
56,4,3,2,3,4,1,0,3,2,3,4,3,4,3,2,3,4,3,4,3,2,3,4,3,4,3,2,3,4,3,3,4,3,4,3,4,3,4,3,4,3,4,3,4,3,4,3,4,3,3,4,3,4,3
57,3,4,3,4,3,0,1,4,3,4,3,4,3,4,3,4,3,4,3,4,3,4,3,4,3,4,3,4,3,4,3,3,3,3,3,3,3,3,3,3,3,3,3,3,3,3,3,3,3,3,3,3,3,3
58,3,4,3,4,3,0,1,4,3,4,3,4,3,4,3,4,3,4,3,4,3,4,3,4,3,4,3,4,3,4,3,3,3,3,3,3,3,3,3,3,3,3,3,3,3,3,3,3,3,3,3,3,3,3
59,3,3,3,3,3,1,1,3,3,3,3,3,3,3,3,3,3,3,3,3,3,3,3,3,3,3,3,3,3,3,4,3,4,3,4,3,4,3,4,3,4,3,4,3,4,3,4,3,4,4,3,4,3,4
60,3,2,3,2,3,2,1,2,3,2,3,2,3,2,3,2,3,2,3,2,3,2,3,2,3,2,3,2,3,2,4,4,4,4,4,4,4,4,4,4,4,4,4,4,4,4,4,4,4,4,4,4,4,4
61,3,2,3,2,3,2,1,2,3,2,3,2,3,2,3,2,3,2,3,2,3,2,3,2,3,2,3,2,3,2,4,4,4,4,4,4,4,4,4,4,4,4,4,4,4,4,4,4,4,4,4,4,4,4
62,3,2,2,3,3,2,1,2,2,3,3,2,3,2,2,3,3,2,3,2,2,3,3,2,3,2,2,3,3,2,4,4,4,4,4,4,4,4,4,4,4,4,4,4,4,4,4,4,4,4,4,4,4,4
63,3,2,3,2,3,2,1,2,3,2,3,2,3,2,3,2,3,2,3,2,3,2,3,2,3,2,3,2,3,2,4,4,4,4,4,4,4,4,4,4,4,4,4,4,4,4,4,4,4,4,4,4,4,4
64,3,2,3,2,3,2,1,2,3,2,3,2,3,2,3,2,3,2,3,2,3,2,3,2,3,2,3,2,3,2,4,4,4,4,4,4,4,4,4,4,4,4,4,4,4,4,4,4,4,4,4,4,4,4
65,3,3,4,4,3,1,1,3,4,4,3,3,3,3,4,4,3,3,3,3,4,4,3,3,3,3,4,4,3,3,3,3,3,3,3,3,3,3,3,3,3,3,3,3,3,3,3,3,3,3,3,3,3,3
66,3,3,3,2,3,1,1,3,3,2,3,3,3,3,3,2,3,3,3,3,3,2,3,3,3,3,3,2,3,3,4,3,4,3,4,3,4,3,4,3,4,3,4,3,4,3,4,3,4,4,3,4,3,4
67,3,3,2,3,3,1,1,3,2,3,3,3,3,3,2,3,3,3,3,3,2,3,3,3,3,3,2,3,3,3,4,3,4,3,4,3,4,3,4,3,4,3,4,3,4,3,4,3,4,4,3,4,3,4
68,4,2,2,3,4,2,0,2,2,3,4,2,4,2,2,3,4,2,4,2,2,3,4,2,4,2,2,3,4,2,4,3,4,3,4,3,4,3,4,3,4,3,4,3,4,3,4,3,4,4,3,4,3,4
69,3,3,3,2,3,1,1,3,3,2,3,3,3,3,3,2,3,3,3,3,3,2,3,3,3,3,3,2,3,3,4,3,4,3,4,3,4,3,4,3,4,3,4,3,3,3,4,3,4,4,3,4,3,4
70,4,4,4,3,4,2,4,4,4,3,4,4,4,4,4,4,4,4,4,4,4,3,0,4,0,4,4,0,4,4,0,4,4,0,1,0,2,0,4,0,2,4,4,1,4,0,4,4,4,3,4,4,4,4
71,3,3,3,2,3,1,1,3,3,2,3,3,3,3,3,2,3,3,3,3,3,2,3,3,3,3,3,2,3,3,3,4,3,4,3,4,3,4,3,4,3,4,3,4,3,4,3,4,3,3,4,3,4,3
72,2,2,3,2,2,2,2,2,3,2,2,2,2,2,3,2,2,2,2,2,3,2,2,2,2,2,3,2,2,2,4,4,4,4,4,4,4,4,4,4,4,3,4,4,4,4,4,4,4,4,4,4,4,4
73,3,3,3,3,3,1,1,3,3,3,3,3,3,3,3,3,3,3,3,3,3,3,3,3,3,3,3,3,3,3,3,3,3,3,3,3,3,3,3,3,3,3,3,3,3,3,3,3,3,3,3,3,3,3
74,4,3,3,3,3,1,4,0,4,3,3,3,3,4,3,3,3,3,3,3,3,3,2,2,2,2,3,2,2,2,2,4,3,3,3,3,3,4,4,4,3,3,3,3,3,3,3,3,3,3,3,3,3,3
75,3,2,3,2,3,2,1,2,3,2,3,2,3,2,3,2,3,2,3,2,3,2,3,2,3,2,3,2,3,2,3,4,3,4,3,4,3,4,3,4,3,3,3,4,3,4,3,4,3,3,4,3,4,3
76,4,4,3,3,4,0,4,2,4,4,3,4,4,4,4,4,4,4,4,4,0,0,2,4,4,4,4,1,1,0,4,2,0,0,0,0,3,0,4,4,4,4,4,4,4,2,4,4,3,4,4,1,1,0
77,3,2,4,3,3,2,3,2,2,3,4,3,2,3,1,3,3,3,3,4,2,1,0,2,2,2,2,2,2,3,3,3,3,3,3,3,4,4,4,4,4,3,0,0,0,0,0,3,3,3,3,3,3,3
78,2,2,2,3,2,3,2,1,3,2,1,2,2,2,3,3,3,3,3,2,2,1,1,3,3,3,2,3,2,2,3,3,3,3,3,3,3,3,4,4,4,4,3,4,2,2,3,3,2,1,1,2,2,2
79,3,2,4,3,3,2,3,2,2,3,4,3,2,2,1,3,3,3,3,4,2,1,0,2,2,2,2,2,2,3,3,3,3,3,3,3,4,4,4,4,3,0,0,3,0,0,0,3,3,3,3,3,3,3
80,4,2,4,2,1,2,3,1,1,3,3,3,2,2,3,2,2,3,3,2,2,2,2,3,4,4,3,3,3,4,4,4,2,2,0,0,4,3,4,4,3,1,1,4,1,2,1,3,3,3,3,1,1,1
81,2,0,2,4,2,2,4,3,4,3,2,3,3,0,4,4,3,3,3,2,2,1,2,0,0,0,0,0,2,2,3,3,3,3,3,3,3,3,1,3,2,3,3,4,4,2,3,2,2,3,3,4,2,2
82,4,4,3,3,2,0,2,4,4,3,4,3,4,3,4,4,4,3,3,3,2,3,3,3,3,3,1,3,3,2,3,3,3,4,4,4,4,4,4,4,4,2,2,3,2,2,2,2,2,3,3,3,3,4
83,4,4,3,4,4,0,0,4,4,4,4,4,4,4,4,3,3,4,4,3,2,2,3,1,2,2,1,3,2,2,3,3,1,2,1,4,4,3,3,3,1,3,3,3,3,1,2,3,2,2,2,2,1,2
84,3,3,2,2,2,2,2,2,2,2,2,2,2,2,2,2,2,2,2,2,0,0,0,2,0,0,0,0,0,2,3,3,3,4,4,4,4,4,4,4,4,1,1,1,1,1,1,3,2,2,2,4,4,4
